{
	"Blocks":[
        {
            "BLK1":{
                "status":"online",
                "Power":{
                     "Units":"MW",
                    "Current":{
                        "Actual":20.00,
                        "Expected":"Error",
                        "Deviation":25.37
                    },
                    "Corrected":{
                        "Actual":"Load<85.0%",
                        "Expected":25.37,
                        "Deviation":"Load<85.0%"
                    }
                },
                "Heat Rate":{
                    "Units":"Btu/kWh",
                    "Current":{
                        "Actual": 25.37,
                        "Expected": 25.37,
                        "Deviation": 25.37
                    },
                    "Corrected":{
                        "Actual":"Load<85.0%",
                        "Expected":25.37,
                        "Deviation":"Load<85.0%"
                    }
                },
                "Efficiency":{
                    "Units":"%",
                    "Current":{
                        "Actual":25.37,
                        "Expected":25.37,
                        "Deviation":25.37
                    },
                    "Corrected":{
                        "Actual":"Load<85.0%",
                        "Expected":25.37,
                        "Deviation":"Load<85.0%"
                    }
                },
                "Axiliaries":{
                    "Units":"MW",
                    "Current":{
                        "Actual":25.37,
                        "Expected":25.37,
                        "Deviation":25.37
                    }
                },
                "Capacity":{
                    "Units":"MW",
                    "Current":{
                        "Actual":25.37,
                        "Expected":"NA",
                        "Deviation":"NA"
                    }
                }
        
            }          
        }
    ]
}